{
  "global_sensitivity": [
    0.015446155728336616,
    0.013838713003610477,
    0.013113833984865588,
    0.01257885131136945,
    0.007221639478277029
  ],
  "global_lrp": [
    0.006895825727414412,
    0.006267178341357673,
    0.005901634135410652,
    0.005719672443452515,
    0.0004314590513992029
  ],
  "features": [
    "Open",
    "High",
    "Low",
    "Close",
    "Volume"
  ]
}